,Precision,Recall,F1-Score
5-fold,0.5640840553431463,0.5626495786352919,0.560842590959268
10-fold,0.5723452275055202,0.5693667487133587,0.56751793121118
